<theme>

   <aspectRatio name="16:9">
      <fontSize name="medium">
         <variables>
            <gridItemSize>0.108 0.384</gridItemSize><!-- 256 350 -->
         </variables>
      </fontSize>
      <fontSize name="large">
         <variables>
            <gridItemSize>0.135 0.48</gridItemSize><!-- 256 350 -->
         </variables>
      </fontSize>
      <fontSize name="x-large">
         <variables>
            <gridItemSize>0.18 0.64</gridItemSize><!-- 256 256 -->
         </variables>
      </fontSize>
   </aspectRatio>


   <aspectRatio name="16:10">
      <fontSize name="medium">
         <variables>
            <gridItemSize>0.108 0.3456</gridItemSize><!-- 288 394 -->
         </variables>
      </fontSize>
      <fontSize name="large">
         <variables>
            <gridItemSize>0.135 0.432</gridItemSize><!-- 288 394 -->
         </variables>
      </fontSize>
      <fontSize name="x-large">
         <variables>
            <gridItemSize>0.18 0.576</gridItemSize><!-- 288 288 -->
         </variables>
      </fontSize>
   </aspectRatio>

   <aspectRatio name="4:3">
      <fontSize name="medium">
         <variables>
            <gridItemSize>0.135 0.36</gridItemSize><!-- 240 328.125 -->
         </variables>
      </fontSize>
      <fontSize name="large">
         <variables>
            <gridItemSize>0.18 0.48</gridItemSize><!-- 240 328.125 -->
         </variables>
      </fontSize>
      <fontSize name="x-large">
         <variables>
            <gridItemSize>0.27 0.72</gridItemSize><!-- 240 240 -->
         </variables>
      </fontSize>
   </aspectRatio>

   <aspectRatio name="19.5:9">
      <fontSize name="medium">
         <variables>
            <gridItemSize>0.108 0.468</gridItemSize><!-- 256 350 -->
         </variables>
      </fontSize>
      <fontSize name="large">
         <variables>
            <gridItemSize>0.135 0.585</gridItemSize><!-- 256 350 -->
         </variables>
      </fontSize>
      <fontSize name="x-large">
         <variables>
            <gridItemSize>0.18 0.78</gridItemSize><!-- 256 350 -->
         </variables>
      </fontSize>
   </aspectRatio>

</theme>