<theme>

   <aspectRatio name="16:9">
      <fontSize name="medium">
         <variables>
            <gridItemSize>0.108 0.3108571429</gridItemSize><!-- 256 350 -->
         </variables>
      </fontSize>
      <fontSize name="large">
         <variables>
            <gridItemSize>0.135 0.3885714286</gridItemSize><!-- 256 350 -->
         </variables>
      </fontSize>
      <fontSize name="x-large">
         <variables>
            <gridItemSize>0.18 0.5180952381</gridItemSize><!-- 256 256 -->
         </variables>
      </fontSize>
   </aspectRatio>


   <aspectRatio name="16:10">
      <fontSize name="medium">
         <variables>
            <gridItemSize>0.108 0.2797714286</gridItemSize><!-- 288 394 -->
         </variables>
      </fontSize>
      <fontSize name="large">
         <variables>
            <gridItemSize>0.135 0.3497142857</gridItemSize><!-- 288 394 -->
         </variables>
      </fontSize>
      <fontSize name="x-large">
         <variables>
            <gridItemSize>0.18 0.4662857143</gridItemSize><!-- 288 288 -->
         </variables>
      </fontSize>
   </aspectRatio>

   <aspectRatio name="4:3">
      <fontSize name="medium">
         <variables>
            <gridItemSize>0.135 0.2914285714</gridItemSize><!-- 240 328.125 -->
         </variables>
      </fontSize>
      <fontSize name="large">
         <variables>
            <gridItemSize>0.18 0.3885714286</gridItemSize><!-- 240 328.125 -->
         </variables>
      </fontSize>
      <fontSize name="x-large">
         <variables>
            <gridItemSize>0.27 0.5828571429</gridItemSize><!-- 240 240 -->
         </variables>
      </fontSize>
   </aspectRatio>

   <aspectRatio name="19.5:9">
      <fontSize name="medium">
         <variables>
            <gridItemSize>0.108 0.3788571429</gridItemSize><!-- 256 350 -->
         </variables>
      </fontSize>
      <fontSize name="large">
         <variables>
            <gridItemSize>0.135 0.4735714286</gridItemSize><!-- 256 350 -->
         </variables>
      </fontSize>
      <fontSize name="x-large">
         <variables>
            <gridItemSize>0.18 0.6314285714</gridItemSize><!-- 256 350 -->
         </variables>
      </fontSize>
   </aspectRatio>

</theme>