<theme>

   <aspectRatio name="16:9">
      <fontSize name="medium">
         <variables>
            <gridItemSize>0.108 0.2446222222</gridItemSize><!-- 256 350 -->
         </variables>
      </fontSize>
      <fontSize name="large">
         <variables>
            <gridItemSize>0.135 0.3057777778</gridItemSize><!-- 256 350 -->
         </variables>
      </fontSize>
      <fontSize name="x-large">
         <variables>
            <gridItemSize>0.18 0.4077037037</gridItemSize><!-- 256 256 -->
         </variables>
      </fontSize>
   </aspectRatio>


   <aspectRatio name="16:10">
      <fontSize name="medium">
         <variables>
            <gridItemSize>0.108 0.22016</gridItemSize><!-- 288 394 -->
         </variables>
      </fontSize>
      <fontSize name="large">
         <variables>
            <gridItemSize>0.135 0.2752</gridItemSize><!-- 288 394 -->
         </variables>
      </fontSize>
      <fontSize name="x-large">
         <variables>
            <gridItemSize>0.18 0.3669333333</gridItemSize><!-- 288 288 -->
         </variables>
      </fontSize>
   </aspectRatio>

   <aspectRatio name="4:3">
      <fontSize name="medium">
         <variables>
            <gridItemSize>0.135 0.2293333333</gridItemSize><!-- 240 328.125 -->
         </variables>
      </fontSize>
      <fontSize name="large">
         <variables>
            <gridItemSize>0.18 0.3057777778</gridItemSize><!-- 240 328.125 -->
         </variables>
      </fontSize>
      <fontSize name="x-large">
         <variables>
            <gridItemSize>0.27 0.4586666667</gridItemSize><!-- 240 240 -->
         </variables>
      </fontSize>
   </aspectRatio>

   <aspectRatio name="19.5:9">
      <fontSize name="medium">
         <variables>
            <gridItemSize>0.108 0.2981333333</gridItemSize><!-- 256 350 -->
         </variables>
      </fontSize>
      <fontSize name="large">
         <variables>
            <gridItemSize>0.135 0.3726666667</gridItemSize><!-- 256 350 -->
         </variables>
      </fontSize>
      <fontSize name="x-large">
         <variables>
            <gridItemSize>0.18 0.4968888889</gridItemSize><!-- 256 350 -->
         </variables>
      </fontSize>
   </aspectRatio>

</theme>