<theme>

   <aspectRatio name="16:9">
      <fontSize name="medium">
         <variables>
            <gridItemSize>0.2083333 0.1851851</gridItemSize>
         </variables>
      </fontSize>
      <fontSize name="large">
         <variables>
            <gridItemSize>0.2083333 0.1851851</gridItemSize>
         </variables>
      </fontSize>
      <fontSize name="x-large">
         <variables>
            <gridItemSize>0.2083333 0.1851851</gridItemSize>
         </variables>
      </fontSize>
   </aspectRatio>


   <aspectRatio name="16:10">
      <fontSize name="medium">
         <variables>
            <gridItemSize>0.2083333 0.1666666</gridItemSize>
         </variables>
      </fontSize>
      <fontSize name="large">
         <variables>
            <gridItemSize>0.2083333 0.1666666</gridItemSize>
         </variables>
      </fontSize>
      <fontSize name="x-large">
         <variables>
            <gridItemSize>0.2083333 0.1666666</gridItemSize>
         </variables>
      </fontSize>
   </aspectRatio>

   <aspectRatio name="4:3">
      <fontSize name="medium">
         <variables>
            <gridItemSize>0.2083333 0.1388888</gridItemSize>
         </variables>
      </fontSize>
      <fontSize name="large">
         <variables>
            <gridItemSize>0.2083333 0.1388888</gridItemSize>
         </variables>
      </fontSize>
      <fontSize name="x-large">
         <variables>
            <gridItemSize>0.2083333 0.1388888</gridItemSize>
         </variables>
      </fontSize>
   </aspectRatio>

   <aspectRatio name="19.5:9">
      <fontSize name="medium">
         <variables>
            <gridItemSize>0.125 0.1458333</gridItemSize>
         </variables>
      </fontSize>
      <fontSize name="large">
         <variables>
            <gridItemSize>0.125 0.1458333</gridItemSize>
         </variables>
      </fontSize>
      <fontSize name="x-large">
         <variables>
            <gridItemSize>0.125 0.1458333</gridItemSize>
         </variables>
      </fontSize>
   </aspectRatio>

</theme>