<theme>

   <aspectRatio name="16:9">
      <fontSize name="medium">
         <variables>
            <gridItemSize>0.108 0.3258181818</gridItemSize><!-- 256 350 -->
         </variables>
      </fontSize>
      <fontSize name="large">
         <variables>
            <gridItemSize>0.135 0.4072727273</gridItemSize><!-- 256 350 -->
         </variables>
      </fontSize>
      <fontSize name="x-large">
         <variables>
            <gridItemSize>0.18 0.543030303</gridItemSize><!-- 256 256 -->
         </variables>
      </fontSize>
   </aspectRatio>


   <aspectRatio name="16:10">
      <fontSize name="medium">
         <variables>
            <gridItemSize>0.108 0.2932363636</gridItemSize><!-- 288 394 -->
         </variables>
      </fontSize>
      <fontSize name="large">
         <variables>
            <gridItemSize>0.135 0.3665454545</gridItemSize><!-- 288 394 -->
         </variables>
      </fontSize>
      <fontSize name="x-large">
         <variables>
            <gridItemSize>0.18 0.4887272727</gridItemSize><!-- 288 288 -->
         </variables>
      </fontSize>
   </aspectRatio>

   <aspectRatio name="4:3">
      <fontSize name="medium">
         <variables>
            <gridItemSize>0.135 0.3054545455</gridItemSize><!-- 240 328.125 -->
         </variables>
      </fontSize>
      <fontSize name="large">
         <variables>
            <gridItemSize>0.18 0.4072727273</gridItemSize><!-- 240 328.125 -->
         </variables>
      </fontSize>
      <fontSize name="x-large">
         <variables>
            <gridItemSize>0.27 0.6109090909</gridItemSize><!-- 240 240 -->
         </variables>
      </fontSize>
   </aspectRatio>

   <aspectRatio name="19.5:9">
      <fontSize name="medium">
         <variables>
            <gridItemSize>0.108 0.3970909091</gridItemSize><!-- 256 350 -->
         </variables>
      </fontSize>
      <fontSize name="large">
         <variables>
            <gridItemSize>0.135 0.4963636364</gridItemSize><!-- 256 350 -->
         </variables>
      </fontSize>
      <fontSize name="x-large">
         <variables>
            <gridItemSize>0.18 0.6618181818</gridItemSize><!-- 256 350 -->
         </variables>
      </fontSize>
   </aspectRatio>

</theme>