<theme>
   <variables>
      <systemName>Adventure Game Studio</systemName>
      <systemDescription>Adventure Game Studio (AGS) is an open source development tool primarily used to create graphic adventure games. It is aimed at intermediate-level game designers, and combines an integrated development environment (IDE) with a scripting language based on the C programming language to process game logic.</systemDescription>
      <systemManufacturer>Chris Jones</systemManufacturer>
      <systemReleaseYear>1997</systemReleaseYear>
      <systemReleaseDate>1997</systemReleaseDate>
      <systemReleaseDateFormated>1997</systemReleaseDateFormated>
      <systemHardwareType>Engine</systemHardwareType>
      <systemCoverSize>1-1</systemCoverSize>
      <systemColor>4B73E0</systemColor>
      <systemColorPalette1>9FCFFF</systemColorPalette1>
      <systemColorPalette2>63B6FF</systemColorPalette2>
      <systemColorPalette3>2C90FF</systemColorPalette3>
      <systemColorPalette4>9FCFFF</systemColorPalette4>
	  <systemCartSize>1-1</systemCartSize>    </variables>
</theme>