<theme>
   <variables>
      <systemName>Commodore 64</systemName>
      <systemDescription>The Commodore 64 is an 8-bit home computer introduced in January 1982 by Commodore International. It is listed in the Guinness World Records as the highest-selling single computer model of all time, with independent estimates placing the number sold between 10 and 17 million units. Volume production started in early 1982, marketing in August for US$595 (equivalent to $1,461 in 2015). Preceded by the Commodore VIC-20 and Commodore PET, the C64 took its name from its 64 kilobytes (65,536 bytes) of RAM. It had superior sound and graphical specifications compared to other earlier systems such as the Apple II and Atari 800, with multi-color sprites and a more advanced sound processor.</systemDescription>
      <systemManufacturer>Commodore</systemManufacturer>
      <systemReleaseYear>1982</systemReleaseYear>
      <systemReleaseDate>1982-01-01</systemReleaseDate>
      <systemReleaseDateFormated>January 1, 1982</systemReleaseDateFormated>
      <systemHardwareType>Computer</systemHardwareType>
      <systemCoverSize>3-4</systemCoverSize>
      <systemColor>0F5BAD</systemColor>
      <systemColorPalette1>BBAD93</systemColorPalette1>
      <systemColorPalette2>968971</systemColorPalette2>
      <systemColorPalette3>FD4120</systemColorPalette3>
      <systemColorPalette4>00A0C6</systemColorPalette4>
	  <systemCartSize>1-1</systemCartSize>    </variables>
</theme>