<theme>
   <variables>
      <systemName>MS-DOS</systemName>
      <systemDescription>MS-DOS, short for Microsoft Disk Operating System, was an operating system for x86-based personal computers mostly developed by Microsoft. It was the most commonly used member of the DOS family of operating systems, and was the main operating system for IBM PC compatible personal computers during the 1980s to the mid-1990s, when it was gradually superseded by operating systems offering a graphical user interface (GUI), in various generations of the Microsoft Windows operating system.</systemDescription>
      <systemManufacturer>Microsoft</systemManufacturer>
      <systemReleaseYear>1981</systemReleaseYear>
      <systemReleaseDate>1981-08-01</systemReleaseDate>
      <systemReleaseDateFormated>August 1, 1981</systemReleaseDateFormated>
      <systemHardwareType>OS</systemHardwareType>
      <systemCoverSize>3-4</systemCoverSize>
      <systemColor>3161BC</systemColor>
      <systemColorPalette1>FDC20F</systemColorPalette1>
      <systemColorPalette2>8461A9</systemColorPalette2>
      <systemColorPalette3>CA1A15</systemColorPalette3>
      <systemColorPalette4>111111</systemColorPalette4>
	  <systemCartSize>1-1</systemCartSize>    </variables>
</theme>