<theme>
   <variables>
      <systemName>Dreamcast</systemName>
      <systemDescription>The Dreamcast is a home video game console released by Sega on November 27, 1998 in Japan, September 9, 1999 in North America, and October 14, 1999 in Europe. It was the first in the sixth generation of video game consoles, preceding Sony's PlayStation 2, Nintendo's GameCube, and Microsoft's Xbox. The Dreamcast was Sega's final home console, marking the end of the company's eighteen years in the console market.

In contrast to the expensive hardware of the unsuccessful Sega Saturn, the Dreamcast was designed to reduce costs with "off-the-shelf" components, including a Hitachi SH-4 CPU and an NEC PowerVR2 GPU. Released in Japan to a subdued reception, the Dreamcast enjoyed a successful U.S. launch backed by a large marketing campaign, but interest in the system steadily declined as Sony built hype for the upcoming PlayStation 2. Sales did not meet Sega's expectations despite several price cuts, and the company continued to incur significant financial losses. After a change in leadership, Sega discontinued the Dreamcast on March 31, 2001, withdrawing from the console business and restructuring itself as a third-party publisher. In total, 9.13 million Dreamcast units were sold worldwide.</systemDescription>
      <systemManufacturer>Sega</systemManufacturer>
      <systemReleaseYear>1998</systemReleaseYear>
      <systemReleaseDate>1998-11-27</systemReleaseDate>
      <systemReleaseDateFormated>November 27, 1998</systemReleaseDateFormated>
      <systemHardwareType>Console</systemHardwareType>
      <systemCoverSize>1-1</systemCoverSize>
      <systemColor>4C7ED6</systemColor>
      <systemColorPalette1>C1C3C2</systemColorPalette1>
      <systemColorPalette2>3E649F</systemColorPalette2>
      <systemColorPalette3>030303</systemColorPalette3>
      <systemColorPalette4>E4E5E4</systemColorPalette4>
	  <systemCartSize>1-1</systemCartSize>    </variables>
</theme>