<theme>
   <variables>
      <systemName>Game.com</systemName>
      <systemDescription>The Game.com is a fifth-generation handheld game console released by Tiger Electronics in August 1997. A smaller version, the Game.com Pocket Pro, was released in mid-1999.
The first version of the Game.com can be connected to a 14.4 kbit/s modem for Internet connectivity, hence its name referencing the top level domain .com.

It was the first video game console to include a touchscreen and the first handheld console to include Internet connectivity.</systemDescription>
      <systemManufacturer>Tiger Elec.</systemManufacturer>
      <systemReleaseYear>1997</systemReleaseYear>
      <systemReleaseDate>1997-08</systemReleaseDate>
      <systemReleaseDateFormated>August 1997</systemReleaseDateFormated>
      <systemHardwareType>Portable</systemHardwareType>
      <systemCoverSize>3-4</systemCoverSize>
      <systemColor>58ACB4</systemColor>
      <systemColorPalette1>71829A</systemColorPalette1>
      <systemColorPalette2>293039</systemColorPalette2>
      <systemColorPalette3>AE2B2B</systemColorPalette3>
      <systemColorPalette4>186DA4</systemColorPalette4>
	  <systemCartSize>1-1</systemCartSize>    </variables>
</theme>