<theme>
   <variables>
      <systemName>J2ME</systemName>
      <systemDescription>Java Platform, Micro Edition or Java ME is a computing platform for development and deployment of portable code for embedded and mobile devices (micro-controllers, sensors, gateways, mobile phones, personal digital assistants, TV set-top boxes, printers). Java ME was formerly known as Java 2 Platform, Micro Edition or J2ME. As of December 22, 2006, the Java ME source code is licensed under the GNU General Public License, and is released under the project name phoneME.</systemDescription>
      <systemManufacturer>Oracle</systemManufacturer>
      <systemReleaseYear>1998</systemReleaseYear>
      <systemReleaseDate>1998-12-08</systemReleaseDate>
      <systemReleaseDateFormated>December 8, 1998</systemReleaseDateFormated>
      <systemHardwareType>OS</systemHardwareType>
      <systemCoverSize>1-1</systemCoverSize>
      <systemColor>F8981D</systemColor>
      <systemColorPalette1>F58219</systemColorPalette1>
      <systemColorPalette2>4E7896</systemColorPalette2>
      <systemColorPalette3>EE3537</systemColorPalette3>
      <systemColorPalette4>1F4394</systemColorPalette4>
	  <systemCartSize>1-1</systemCartSize>    </variables>
</theme>