<theme>
   <variables>
      <systemName>Macintosh</systemName>
      <systemDescription>The Macintosh (mainly Mac since 1998) is a family of personal computers designed, manufactured, and sold by Apple Inc. (originally as Apple Computer, Inc.) since January 1984.

The original Macintosh is the first successful mass-market all-in-one desktop personal computer to have featured a graphical user interface, built-in screen, and mouse. Apple sold the Macintosh alongside its popular Apple II, Apple IIGS, Apple III, and Apple Lisa families of computers until the other models were discontinued in the 1990s.</systemDescription>
      <systemManufacturer>Apple</systemManufacturer>
      <systemReleaseYear>1984</systemReleaseYear>
      <systemReleaseDate>1984-01</systemReleaseDate>
      <systemReleaseDateFormated>January 1984</systemReleaseDateFormated>
      <systemHardwareType>Computer</systemHardwareType>
      <systemCoverSize>3-4</systemCoverSize>
      <systemColor>1EAEDA</systemColor>
      <systemColorPalette1>76B845</systemColorPalette1>
      <systemColorPalette2>E19433</systemColorPalette2>
      <systemColorPalette3>009DDD</systemColorPalette3>
      <systemColorPalette4>C45152</systemColorPalette4>
	  <systemCartSize>1-1</systemCartSize>    </variables>
</theme>