<theme>
   <variables>
      <systemName>MSX Turbo R</systemName>
      <systemDescription>The MSX Turbo R is the last generation of MSX computers that was put to market by a household electronic brand. Only Panasonic was brave enough to put faith in the standard once again, by releasing two different models: the Panasonic FS-A1ST and the Panasonic FS-A1GT. MSX Turbo R computers were produced until 1994.</systemDescription>
      <systemManufacturer>Microsoft</systemManufacturer>
      <systemReleaseYear>1991</systemReleaseYear>
      <systemReleaseDate>1991</systemReleaseDate>
      <systemReleaseDateFormated>1991</systemReleaseDateFormated>
      <systemHardwareType>Computer</systemHardwareType>
      <systemCoverSize>3-4</systemCoverSize>
      <systemColor>3F599B</systemColor>
      <systemColorPalette1>637080</systemColorPalette1>
      <systemColorPalette2>28292B</systemColorPalette2>
      <systemColorPalette3>99784B</systemColorPalette3>
      <systemColorPalette4>32100F</systemColorPalette4>
	  <systemCartSize>1-1</systemCartSize>    </variables>
</theme>