<theme>
   <variables>
      <systemName>Othello Multivision</systemName>
      <systemDescription>The Othello Multivision (オセロマルチビジョン) is a licensed SG-1000 clone manufactured by Tsukuda Original. It exists because Sega's original intention for the SC-3000 computer was to allow other manufacturers to produce compatible computers in the hope of having a worldwide standard. Unfortunately, possibly with the emergance of the MSX, this tactic failed, and very few SG-1000/SC-3000 compatible machines were produced. The Othello Multivision was one of those machines.</systemDescription>
      <systemManufacturer>Tsukuda Original</systemManufacturer>
      <systemReleaseYear>1983</systemReleaseYear>
      <systemReleaseDate>1983</systemReleaseDate>
      <systemReleaseDateFormated>1983</systemReleaseDateFormated>
      <systemHardwareType>Console</systemHardwareType>
      <systemCoverSize>3-4</systemCoverSize>
      <systemColor>4959A0</systemColor>
      <systemColorPalette1>EFEBE1</systemColorPalette1>
      <systemColorPalette2>571229</systemColorPalette2>
      <systemColorPalette3>183B67</systemColorPalette3>
      <systemColorPalette4>E8E342</systemColorPalette4>
	  <systemCartSize>1-1</systemCartSize>    </variables>
</theme>
