<theme>
   <variables>
      <systemName>Nintendo DS</systemName>
      <systemDescription>The Nintendo DS or simply, DS, is a 32-bit dual-screen handheld game console developed and released by Nintendo. The device went on sale in North America on November 21, 2004. The DS, short for "Developers' System" or "Dual Screen", introduced distinctive new features to handheld gaming: two LCD screens working in tandem (the bottom one featuring a touchscreen), a built-in microphone, and support for wireless connectivity. Both screens are encompassed within a clamshell design similar to the Game Boy Advance SP. The Nintendo DS also features the ability for multiple DS consoles to directly interact with each other over Wi-Fi within a short range without the need to connect to an existing wireless network. Alternatively, they could interact online using the now-closed Nintendo Wi-Fi Connection service.</systemDescription>
      <systemManufacturer>Nintendo</systemManufacturer>
      <systemReleaseYear>2004</systemReleaseYear>
      <systemReleaseDate>2004-12-01</systemReleaseDate>
      <systemReleaseDateFormated>November 21, 2004</systemReleaseDateFormated>
      <systemHardwareType>Portable</systemHardwareType>
      <systemCoverSize>257-229</systemCoverSize>
      <systemColor>B4CAD4</systemColor>
      <systemColorPalette1>5C67A9</systemColorPalette1>
      <systemColorPalette2>280FBE</systemColorPalette2>
      <systemColorPalette3>BCBCBC</systemColorPalette3>
      <systemColorPalette4>212121</systemColorPalette4>
	  <systemCartSize>1-1</systemCartSize>    </variables>
</theme>