<theme>
   <variables>
      <systemName>IBM PC</systemName>
      <systemDescription>The IBM Personal Computer (model 5150, commonly known as the IBM PC) is the first microcomputer released in the IBM PC model line and the basis for the IBM PC compatible de facto standard. Released on August 12, 1981, it was created by a team of engineers and designers directed by Don Estridge in Boca Raton, Florida.

The machine was based on open architecture and third-party peripherals. Over time, expansion cards and software technology increased to support it.

The PC had a substantial influence on the personal computer market. The specifications of the IBM PC became one of the most popular computer design standards in the world. The only significant competition it faced from a non-compatible platform throughout the 1980s was from the Apple Macintosh product line. The majority of modern personal computers are distant descendants of the IBM PC.</systemDescription>
      <systemManufacturer>IBM</systemManufacturer>
      <systemReleaseYear>1981</systemReleaseYear>
      <systemReleaseDate>1981-08-12</systemReleaseDate>
      <systemReleaseDateFormated>August 12, 1981</systemReleaseDateFormated>
      <systemHardwareType>Computer</systemHardwareType>
      <systemCoverSize>3-4</systemCoverSize>
      <systemColor>3161BC</systemColor>
      <systemColorPalette1>1F70C1</systemColorPalette1>
      <systemColorPalette2>FFFFFF</systemColorPalette2>
      <systemColorPalette3>666870</systemColorPalette3>
      <systemColorPalette4>201D1D</systemColorPalette4>
	  <systemCartSize>1-1</systemCartSize>    </variables>
</theme>