<theme>
   <variables>
      <systemName>PICO-8</systemName>
      <systemDescription>PICO-8 is a virtual machine and game engine created by Lexaloffle Games. It is a fantasy video game console that mimics the limited graphical and sound capabilities of 8-bit systems of the 1980s.</systemDescription>
      <systemManufacturer>Lexaloffle</systemManufacturer>
      <systemReleaseYear>2015</systemReleaseYear>
      <systemReleaseDate>2015-04</systemReleaseDate>
      <systemReleaseDateFormated>April 2015</systemReleaseDateFormated>
      <systemHardwareType>Engine</systemHardwareType>
      <systemCoverSize>3-4</systemCoverSize>
      <systemColor>140C1C</systemColor>
      <systemColorPalette1>E69E20</systemColorPalette1>
      <systemColorPalette2>77DF41</systemColorPalette2>
      <systemColorPalette3>F0D7BD</systemColorPalette3>
      <systemColorPalette4>DF739E</systemColorPalette4>
	  <systemCartSize>373-436</systemCartSize>    </variables>
</theme>