<theme>
   <variables>
      <systemName>X68000</systemName>
      <systemDescription>The X68000 (Japanese: エックス ろくまんはっせん, Hepburn: Ekkusu Rokuman Hassen) is a home computer created by Sharp Corporation, first released in 1987, sold only in Japan.

The first model features a 10 MHz Motorola 68000 CPU (hence the name), 1 MB of RAM, and no hard drive; the last model was released in 1993 with a 25 MHz Motorola 68030 CPU, 4 MB of RAM, and optional 80 MB SCSI hard drive. RAM in these systems is expandable to 12 MB, though most games and applications do not require more than 2 MB.</systemDescription>
      <systemManufacturer>Sharp</systemManufacturer>
      <systemReleaseYear>1987</systemReleaseYear>
      <systemReleaseDate>1987-03-01</systemReleaseDate>
      <systemReleaseDateFormated>March 1, 1987</systemReleaseDateFormated>
      <systemHardwareType>Computer</systemHardwareType>
      <systemCoverSize>3-4</systemCoverSize>
      <systemColor>6B6D70</systemColor>
      <systemColorPalette1>3B3B3B</systemColorPalette1>
      <systemColorPalette2>838582</systemColorPalette2>
      <systemColorPalette3>C25F7F</systemColorPalette3>
      <systemColorPalette4>41BC83</systemColorPalette4>
	  <systemCartSize>1-1</systemCartSize>    </variables>
</theme>